"name","franchID","W","L","park","attendance","yearID","games","win.perc","Capacity","Attend.G","Att.perc"
"Anaheim Angels","LAA",85,77,"Angel Stadium",2519280,1998,162,0.525,45493,31102,0.684
"Arizona Diamondbacks","ARI",65,97,"Chase Field",3610290,1998,162,0.401,48519,44571,0.919
"Atlanta Braves","ATL",106,56,"Turner Field",3360860,1998,162,0.654,50096,41492,0.828
"Baltimore Orioles","BAL",79,83,"Oriole Park at Camden Yards",3684650,1998,162,0.488,45971,45490,0.99
"Boston Red Sox","BOS",92,70,"Fenway Park",2314704,1998,162,0.568,37673,28577,0.759
"Chicago White Sox","CHW",80,82,"U.S. Cellular Field",1391146,1998,162,0.494,40615,17175,0.423
"Chicago Cubs","CHC",90,73,"Wrigley Field",2623194,1998,163,0.552,40929,32186,0.786
"Cincinnati Reds","CIN",77,85,"Riverfront Stadium",1793649,1998,162,0.475,52952,22144,0.418
"Cleveland Indians","CLE",89,73,"Progressive Field",3467299,1998,162,0.549,37630,42806,1.138
"Colorado Rockies","COL",77,85,"Coors Field",3792683,1998,162,0.475,50398,46823,0.929
"Detroit Tigers","DET",65,97,"Tiger Stadium",1409391,1998,162,0.401,52400,17400,0.332
"Florida Marlins","MIA",54,108,"Pro Player Stadium",1730384,1998,162,0.333,47972,21363,0.445
"Houston Astros","HOU",102,60,"Astrodome",2458451,1998,162,0.63,54816,30351,0.554
"Kansas City Royals","KCR",72,89,"Kauffman Stadium",1494875,1998,161,0.447,38177,18570,0.486
"Los Angeles Dodgers","LAD",83,79,"Dodger Stadium",3089222,1998,162,0.512,56000,38139,0.681
"Milwaukee Brewers","MIL",74,88,"County Stadium",1811593,1998,162,0.457,53192,22365,0.42
"Minnesota Twins","MIN",70,92,"Hubert H Humphrey Metrodome",1165976,1998,162,0.432,56144,14395,0.256
"Montreal Expos","WSN",65,97,"Stade Olympique",914909,1998,162,0.401,46500,11295,0.243
"New York Yankees","NYY",114,48,"Yankee Stadium",2955193,1998,162,0.704,56937,36484,0.641
"New York Mets","NYM",88,74,"Shea Stadium",2287948,1998,162,0.543,57333,28246,0.493
"Oakland Athletics","OAK",74,88,"Oakland Coliseum",1232343,1998,162,0.457,35067,15214,0.434
"Philadelphia Phillies","PHI",75,87,"Veterans Stadium",1715722,1998,162,0.463,62623,21182,0.338
"Pittsburgh Pirates","PIT",69,93,"Three Rivers Stadium",1560950,1998,162,0.426,47952,19271,0.402
"San Diego Padres","SDP",98,64,"Qualcomm Stadium",2555874,1998,162,0.605,56133,31554,0.562
"Seattle Mariners","SEA",76,85,"Kingdome",2651511,1998,161,0.472,59100,32938,0.557
"San Francisco Giants","SFG",89,74,"Candlestick Park",1925364,1998,163,0.546,57546,23624,0.411
"St. Louis Cardinals","STL",83,79,"Busch Stadium II",3195691,1998,162,0.512,49676,39453,0.794
"Tampa Bay Devil Rays","TBR",63,99,"Tropicana Field",2506293,1998,162,0.389,31042,30942,0.997
"Texas Rangers","TEX",88,74,"Rangers Ballpark in Arlington",2927399,1998,162,0.543,48911,36141,0.739
"Toronto Blue Jays","TOR",88,74,"Skydome",2454303,1998,162,0.543,50516,30300,0.6
"Anaheim Angels","LAA",70,92,"Angel Stadium",2253123,1999,162,0.432,45493,27816,0.611
"Arizona Diamondbacks","ARI",100,62,"Chase Field",3019654,1999,162,0.617,48519,37280,0.768
"Atlanta Braves","ATL",103,59,"Turner Field",3284897,1999,162,0.636,50096,40554,0.81
"Baltimore Orioles","BAL",78,84,"Oriole Park at Camden Yards",3433150,1999,162,0.481,45971,42385,0.922
"Boston Red Sox","BOS",94,68,"Fenway Park",2446162,1999,162,0.58,37673,30200,0.802
"Chicago White Sox","CHW",75,86,"U.S. Cellular Field",1338851,1999,161,0.466,40615,16632,0.41
"Chicago Cubs","CHC",67,95,"Wrigley Field",2813854,1999,162,0.414,40929,34739,0.849
"Cincinnati Reds","CIN",96,67,"Riverfront Stadium",2061222,1999,163,0.589,52952,25291,0.478
"Cleveland Indians","CLE",97,65,"Progressive Field",3468456,1999,162,0.599,37630,42820,1.138
"Colorado Rockies","COL",72,90,"Coors Field",3481065,1999,162,0.444,50398,42976,0.853
"Detroit Tigers","DET",69,92,"Tiger Stadium",2026441,1999,161,0.429,52400,25173,0.48
"Florida Marlins","MIA",64,98,"Pro Player Stadium",1369421,1999,162,0.395,47972,16906,0.352
"Houston Astros","HOU",97,65,"Astrodome",2706017,1999,162,0.599,54816,33408,0.609
"Kansas City Royals","KCR",64,97,"Kauffman Stadium",1506068,1999,161,0.398,38177,18709,0.49
"Los Angeles Dodgers","LAD",77,85,"Dodger Stadium",3095346,1999,162,0.475,56000,38214,0.682
"Milwaukee Brewers","MIL",74,87,"County Stadium",1701796,1999,161,0.46,53192,21140,0.397
"Minnesota Twins","MIN",63,97,"Hubert H Humphrey Metrodome",1202829,1999,160,0.394,56144,15035,0.268
"Montreal Expos","WSN",68,94,"Stade Olympique",773277,1999,162,0.42,46500,9547,0.205
"New York Yankees","NYY",98,64,"Yankee Stadium",3292736,1999,162,0.605,56937,40651,0.714
"New York Mets","NYM",97,66,"Shea Stadium",2725668,1999,163,0.595,57333,33444,0.583
"Oakland Athletics","OAK",87,75,"Oakland Coliseum",1434610,1999,162,0.537,35067,17711,0.505
"Philadelphia Phillies","PHI",77,85,"Veterans Stadium",1825337,1999,162,0.475,62623,22535,0.36
"Pittsburgh Pirates","PIT",78,83,"Three Rivers Stadium",1638023,1999,161,0.484,47952,20348,0.424
"San Diego Padres","SDP",74,88,"Qualcomm Stadium",2523538,1999,162,0.457,56133,31155,0.555
"Seattle Mariners","SEA",79,83,"Kingdome",2916346,1999,162,0.488,59100,36004,0.609
"San Francisco Giants","SFG",86,76,"Candlestick Park",2078399,1999,162,0.531,57546,25659,0.446
"St. Louis Cardinals","STL",75,86,"Busch Stadium II",3225334,1999,161,0.466,49676,40066,0.807
"Tampa Bay Devil Rays","TBR",69,93,"Tropicana Field",1562827,1999,162,0.426,31042,19294,0.622
"Texas Rangers","TEX",95,67,"Rangers Ballpark in Arlington",2771469,1999,162,0.586,48911,34216,0.7
"Toronto Blue Jays","TOR",84,78,"Skydome",2163464,1999,162,0.519,50516,26709,0.529
"Anaheim Angels","LAA",82,80,"Angel Stadium",2066982,2000,162,0.506,45493,25518,0.561
"Arizona Diamondbacks","ARI",85,77,"Chase Field",2942251,2000,162,0.525,48519,36324,0.749
"Atlanta Braves","ATL",95,67,"Turner Field",3234304,2000,162,0.586,50096,39930,0.797
"Baltimore Orioles","BAL",74,88,"Oriole Park at Camden Yards",3297031,2000,162,0.457,45971,40704,0.885
"Boston Red Sox","BOS",85,77,"Fenway Park",2585895,2000,162,0.525,37673,31925,0.847
"Chicago White Sox","CHW",95,67,"U.S. Cellular Field",1947799,2000,162,0.586,40615,24047,0.592
"Chicago Cubs","CHC",65,97,"Wrigley Field",2789511,2000,162,0.401,40929,34438,0.841
"Cincinnati Reds","CIN",85,77,"Riverfront Stadium",2577371,2000,162,0.525,52952,31819,0.601
"Cleveland Indians","CLE",90,72,"Progressive Field",3456278,2000,162,0.556,37630,42670,1.134
"Colorado Rockies","COL",82,80,"Coors Field",3295129,2000,162,0.506,50398,40681,0.807
"Detroit Tigers","DET",79,83,"Comerica Park",2438617,2000,162,0.488,41574,30106,0.724
"Florida Marlins","MIA",79,82,"Pro Player Stadium",1218326,2000,161,0.491,47972,15134,0.315
"Houston Astros","HOU",72,90,"Minute Maid Park",3056139,2000,162,0.444,41574,37730,0.908
"Kansas City Royals","KCR",77,85,"Kauffman Stadium",1564847,2000,162,0.475,38177,19319,0.506
"Los Angeles Dodgers","LAD",86,76,"Dodger Stadium",2880242,2000,162,0.531,56000,35559,0.635
"Milwaukee Brewers","MIL",73,89,"County Stadium",1573621,2000,162,0.451,53192,19427,0.365
"Minnesota Twins","MIN",69,93,"Hubert H Humphrey Metrodome",1000760,2000,162,0.426,56144,12355,0.22
"Montreal Expos","WSN",67,95,"Stade Olympique",926272,2000,162,0.414,46500,11435,0.246
"New York Yankees","NYY",87,74,"Yankee Stadium",3055435,2000,161,0.54,56937,37956,0.667
"New York Mets","NYM",94,68,"Shea Stadium",2820530,2000,162,0.58,57333,34821,0.607
"Oakland Athletics","OAK",91,70,"Oakland Coliseum",1603744,2000,161,0.565,35067,19922,0.568
"Philadelphia Phillies","PHI",65,97,"Veterans Stadium",1612769,2000,162,0.401,62623,19911,0.318
"Pittsburgh Pirates","PIT",69,93,"Three Rivers Stadium",1748908,2000,162,0.426,47952,21591,0.45
"San Diego Padres","SDP",76,86,"Qualcomm Stadium",2352443,2000,162,0.469,56133,29043,0.517
"Seattle Mariners","SEA",91,71,"Safeco Field",2914624,2000,162,0.562,47116,35983,0.764
"San Francisco Giants","SFG",97,65,"AT&T Park",3318800,2000,162,0.599,41915,40973,0.978
"St. Louis Cardinals","STL",95,67,"Busch Stadium II",3336493,2000,162,0.586,49676,41191,0.829
"Tampa Bay Devil Rays","TBR",69,92,"Tropicana Field",1449673,2000,161,0.429,31042,18008,0.58
"Texas Rangers","TEX",71,91,"Rangers Ballpark in Arlington",2588401,2000,162,0.438,48911,31956,0.653
"Toronto Blue Jays","TOR",83,79,"Skydome",1705712,2000,162,0.512,50516,21058,0.417
"Anaheim Angels","LAA",75,87,"Angel Stadium",2000919,2001,162,0.463,45493,24703,0.543
"Arizona Diamondbacks","ARI",92,70,"Chase Field",2736451,2001,162,0.568,48519,33783,0.696
"Atlanta Braves","ATL",88,74,"Turner Field",2823530,2001,162,0.543,50096,34858,0.696
"Baltimore Orioles","BAL",63,98,"Oriole Park at Camden Yards",3094841,2001,161,0.391,45971,38445,0.836
"Boston Red Sox","BOS",82,79,"Fenway Park",2625333,2001,161,0.509,37673,32613,0.866
"Chicago White Sox","CHW",83,79,"U.S. Cellular Field",1766172,2001,162,0.512,40615,21805,0.537
"Chicago Cubs","CHC",88,74,"Wrigley Field",2779465,2001,162,0.543,40929,34314,0.838
"Cincinnati Reds","CIN",66,96,"Riverfront Stadium",1879757,2001,162,0.407,52952,23207,0.438
"Cleveland Indians","CLE",91,71,"Progressive Field",3175523,2001,162,0.562,37630,39204,1.042
"Colorado Rockies","COL",73,89,"Coors Field",3166821,2001,162,0.451,50398,39097,0.776
"Detroit Tigers","DET",66,96,"Comerica Park",1921305,2001,162,0.407,41574,23720,0.571
"Florida Marlins","MIA",76,86,"Pro Player Stadium",1261226,2001,162,0.469,47972,15571,0.325
"Houston Astros","HOU",93,69,"Minute Maid Park",2904277,2001,162,0.574,41574,35855,0.862
"Kansas City Royals","KCR",65,97,"Kauffman Stadium",1536371,2001,162,0.401,38177,18968,0.497
"Los Angeles Dodgers","LAD",86,76,"Dodger Stadium",3017143,2001,162,0.531,56000,37249,0.665
"Milwaukee Brewers","MIL",68,94,"Miller Park",2811041,2001,162,0.42,41900,34704,0.828
"Minnesota Twins","MIN",85,77,"Hubert H Humphrey Metrodome",1782929,2001,162,0.525,56144,22011,0.392
"Montreal Expos","WSN",68,94,"Stade Olympique",642745,2001,162,0.42,46500,7935,0.171
"New York Yankees","NYY",95,65,"Yankee Stadium",3264907,2001,160,0.594,56937,40811,0.717
"New York Mets","NYM",82,80,"Shea Stadium",2658330,2001,162,0.506,57333,32819,0.572
"Oakland Athletics","OAK",102,60,"Oakland Coliseum",2133277,2001,162,0.63,35067,26337,0.751
"Philadelphia Phillies","PHI",86,76,"Veterans Stadium",1782054,2001,162,0.531,62623,22001,0.351
"Pittsburgh Pirates","PIT",62,100,"PNC Park",2464870,2001,162,0.383,38496,30430,0.79
"San Diego Padres","SDP",79,83,"Qualcomm Stadium",2378128,2001,162,0.488,56133,29360,0.523
"Seattle Mariners","SEA",116,46,"Safeco Field",3507326,2001,162,0.716,47116,43300,0.919
"San Francisco Giants","SFG",90,72,"AT&T Park",3311958,2001,162,0.556,41915,40888,0.975
"St. Louis Cardinals","STL",93,69,"Busch Stadium II",3109578,2001,162,0.574,49676,38390,0.773
"Tampa Bay Devil Rays","TBR",62,100,"Tropicana Field",1298365,2001,162,0.383,31042,16029,0.516
"Texas Rangers","TEX",73,89,"Rangers Ballpark in Arlington",2831021,2001,162,0.451,48911,34951,0.715
"Toronto Blue Jays","TOR",80,82,"Skydome",1915438,2001,162,0.494,50516,23647,0.468
"Anaheim Angels","LAA",99,63,"Angel Stadium",2305547,2002,162,0.611,45493,28464,0.626
"Arizona Diamondbacks","ARI",98,64,"Chase Field",3198977,2002,162,0.605,48519,39494,0.814
"Atlanta Braves","ATL",101,59,"Turner Field",2603484,2002,160,0.631,50096,32544,0.65
"Baltimore Orioles","BAL",67,95,"Oriole Park at Camden Yards",2682439,2002,162,0.414,45971,33117,0.72
"Boston Red Sox","BOS",93,69,"Fenway Park",2650862,2002,162,0.574,37673,32727,0.869
"Chicago White Sox","CHW",81,81,"U.S. Cellular Field",1676911,2002,162,0.5,40615,20703,0.51
"Chicago Cubs","CHC",67,95,"Wrigley Field",2693096,2002,162,0.414,40929,33248,0.812
"Cincinnati Reds","CIN",78,84,"Riverfront Stadium",1855787,2002,162,0.481,52952,22911,0.433
"Cleveland Indians","CLE",74,88,"Progressive Field",2616940,2002,162,0.457,37630,32308,0.859
"Colorado Rockies","COL",73,89,"Coors Field",2737838,2002,162,0.451,50398,33800,0.671
"Detroit Tigers","DET",55,106,"Comerica Park",1503623,2002,161,0.342,41574,18679,0.449
"Florida Marlins","MIA",79,83,"Pro Player Stadium",813118,2002,162,0.488,47972,10038,0.209
"Houston Astros","HOU",84,78,"Minute Maid Park",2517357,2002,162,0.519,41574,31078,0.748
"Kansas City Royals","KCR",62,100,"Kauffman Stadium",1323036,2002,162,0.383,38177,16334,0.428
"Los Angeles Dodgers","LAD",92,70,"Dodger Stadium",3131255,2002,162,0.568,56000,38657,0.69
"Milwaukee Brewers","MIL",56,106,"Miller Park",1969153,2002,162,0.346,41900,24311,0.58
"Minnesota Twins","MIN",94,67,"Hubert H Humphrey Metrodome",1924473,2002,161,0.584,56144,23906,0.426
"Montreal Expos","WSN",83,79,"Stade Olympique",812045,2002,162,0.512,46500,10025,0.216
"New York Yankees","NYY",103,58,"Yankee Stadium",3465807,2002,161,0.64,56937,43054,0.756
"New York Mets","NYM",75,86,"Shea Stadium",2804838,2002,161,0.466,57333,34843,0.608
"Oakland Athletics","OAK",103,59,"Oakland Coliseum",2169811,2002,162,0.636,35067,26788,0.764
"Philadelphia Phillies","PHI",80,81,"Veterans Stadium",1618467,2002,161,0.497,62623,20105,0.321
"Pittsburgh Pirates","PIT",72,89,"PNC Park",1784988,2002,161,0.447,38496,22174,0.576
"San Diego Padres","SDP",66,96,"Qualcomm Stadium",2220601,2002,162,0.407,56133,27415,0.488
"Seattle Mariners","SEA",93,69,"Safeco Field",3542938,2002,162,0.574,47116,43740,0.928
"San Francisco Giants","SFG",95,66,"AT&T Park",3253203,2002,161,0.59,41915,40412,0.964
"St. Louis Cardinals","STL",97,65,"Busch Stadium II",3011756,2002,162,0.599,49676,37182,0.748
"Tampa Bay Devil Rays","TBR",55,106,"Tropicana Field",1065742,2002,161,0.342,31042,13239,0.426
"Texas Rangers","TEX",72,90,"Rangers Ballpark in Arlington",2352397,2002,162,0.444,48911,29042,0.594
"Toronto Blue Jays","TOR",78,84,"Skydome",1637900,2002,162,0.481,50516,20221,0.4
"Anaheim Angels","LAA",77,85,"Angel Stadium",3061094,2003,162,0.475,45493,37791,0.831
"Arizona Diamondbacks","ARI",84,78,"Chase Field",2805542,2003,162,0.519,48519,34636,0.714
"Atlanta Braves","ATL",101,61,"Turner Field",2401084,2003,162,0.623,50096,29643,0.592
"Baltimore Orioles","BAL",71,91,"Oriole Park at Camden Yards",2454523,2003,162,0.438,45971,30303,0.659
"Boston Red Sox","BOS",95,67,"Fenway Park",2724165,2003,162,0.586,37673,33632,0.893
"Chicago White Sox","CHW",86,76,"U.S. Cellular Field",1939524,2003,162,0.531,40615,23945,0.59
"Chicago Cubs","CHC",88,74,"Wrigley Field",2962630,2003,162,0.543,40929,36576,0.894
"Cincinnati Reds","CIN",69,93,"Great American Ball Park",2355259,2003,162,0.426,42271,29077,0.688
"Cleveland Indians","CLE",68,94,"Progressive Field",1730002,2003,162,0.42,37630,21358,0.568
"Colorado Rockies","COL",74,88,"Coors Field",2334085,2003,162,0.457,50398,28816,0.572
"Detroit Tigers","DET",43,119,"Comerica Park",1368245,2003,162,0.265,41574,16892,0.406
"Florida Marlins","MIA",91,71,"Pro Player Stadium",1303215,2003,162,0.562,47972,16089,0.335
"Houston Astros","HOU",87,75,"Minute Maid Park",2454241,2003,162,0.537,41574,30299,0.729
"Kansas City Royals","KCR",83,79,"Kauffman Stadium",1779895,2003,162,0.512,38177,21974,0.576
"Los Angeles Dodgers","LAD",85,77,"Dodger Stadium",3138626,2003,162,0.525,56000,38748,0.692
"Milwaukee Brewers","MIL",68,94,"Miller Park",1700354,2003,162,0.42,41900,20992,0.501
"Minnesota Twins","MIN",90,72,"Hubert H Humphrey Metrodome",1946011,2003,162,0.556,56144,24025,0.428
"Montreal Expos","WSN",83,79,"Stade Olympique",1025639,2003,162,0.512,46500,12662,0.272
"New York Yankees","NYY",101,61,"Yankee Stadium",3465600,2003,162,0.623,56937,42785,0.751
"New York Mets","NYM",66,95,"Shea Stadium",2140599,2003,161,0.41,57333,26591,0.464
"Oakland Athletics","OAK",96,66,"Oakland Coliseum",2216596,2003,162,0.593,35067,27365,0.78
"Philadelphia Phillies","PHI",86,76,"Veterans Stadium",2259948,2003,162,0.531,62623,27901,0.446
"Pittsburgh Pirates","PIT",75,87,"PNC Park",1636751,2003,162,0.463,38496,20207,0.525
"San Diego Padres","SDP",64,98,"Qualcomm Stadium",2030084,2003,162,0.395,56133,25063,0.446
"Seattle Mariners","SEA",93,69,"Safeco Field",3268509,2003,162,0.574,47116,40352,0.856
"San Francisco Giants","SFG",100,61,"AT&T Park",3264898,2003,161,0.621,41915,40558,0.968
"St. Louis Cardinals","STL",85,77,"Busch Stadium II",2910386,2003,162,0.525,49676,35931,0.723
"Tampa Bay Devil Rays","TBR",63,99,"Tropicana Field",1058695,2003,162,0.389,31042,13070,0.421
"Texas Rangers","TEX",71,91,"Rangers Ballpark in Arlington",2094394,2003,162,0.438,48911,25857,0.529
"Toronto Blue Jays","TOR",86,76,"Skydome",1799458,2003,162,0.531,50516,22216,0.44
"Anaheim Angels","LAA",92,70,"Angel Stadium",3375677,2004,162,0.568,45493,41675,0.916
"Arizona Diamondbacks","ARI",51,111,"Chase Field",2519560,2004,162,0.315,48519,31106,0.641
"Atlanta Braves","ATL",96,66,"Turner Field",2327565,2004,162,0.593,50096,28735,0.574
"Baltimore Orioles","BAL",78,84,"Oriole Park at Camden Yards",2744018,2004,162,0.481,45971,33877,0.737
"Boston Red Sox","BOS",98,64,"Fenway Park",2837294,2004,162,0.605,37673,35028,0.93
"Chicago White Sox","CHW",83,79,"U.S. Cellular Field",1930537,2004,162,0.512,40615,23834,0.587
"Chicago Cubs","CHC",89,73,"Wrigley Field",3170154,2004,162,0.549,40929,39138,0.956
"Cincinnati Reds","CIN",76,86,"Great American Ball Park",2287250,2004,162,0.469,42271,28238,0.668
"Cleveland Indians","CLE",80,82,"Progressive Field",1814401,2004,162,0.494,37630,22400,0.595
"Colorado Rockies","COL",68,94,"Coors Field",2338069,2004,162,0.42,50398,28865,0.573
"Detroit Tigers","DET",72,90,"Comerica Park",1917004,2004,162,0.444,41574,23667,0.569
"Florida Marlins","MIA",83,79,"Pro Player Stadium",1723105,2004,162,0.512,47972,21273,0.443
"Houston Astros","HOU",92,70,"Minute Maid Park",3087872,2004,162,0.568,41574,38122,0.917
"Kansas City Royals","KCR",58,104,"Kauffman Stadium",1661478,2004,162,0.358,38177,20512,0.537
"Los Angeles Dodgers","LAD",93,69,"Dodger Stadium",3488283,2004,162,0.574,56000,43065,0.769
"Milwaukee Brewers","MIL",67,94,"Miller Park",2062382,2004,161,0.416,41900,25620,0.611
"Minnesota Twins","MIN",92,70,"Hubert H Humphrey Metrodome",1911490,2004,162,0.568,56144,23599,0.42
"Montreal Expos","WSN",67,95,"Stade Olympique",749550,2004,162,0.414,46500,9254,0.199
"New York Yankees","NYY",101,61,"Yankee Stadium",3775292,2004,162,0.623,56937,46609,0.819
"New York Mets","NYM",71,91,"Shea Stadium",2318951,2004,162,0.438,57333,28629,0.499
"Oakland Athletics","OAK",91,71,"Oakland Coliseum",2201516,2004,162,0.562,35067,27179,0.775
"Philadelphia Phillies","PHI",86,76,"Citizens Bank Park",3250092,2004,162,0.531,43826,40125,0.916
"Pittsburgh Pirates","PIT",72,89,"PNC Park",1580031,2004,161,0.447,38496,19628,0.51
"San Diego Padres","SDP",87,75,"Petco Park",3016752,2004,162,0.537,41164,37244,0.905
"Seattle Mariners","SEA",63,99,"Safeco Field",2940731,2004,162,0.389,47116,36305,0.771
"San Francisco Giants","SFG",91,71,"AT&T Park",3256854,2004,162,0.562,41915,40208,0.959
"St. Louis Cardinals","STL",105,57,"Busch Stadium II",3048427,2004,162,0.648,49676,37635,0.758
"Tampa Bay Devil Rays","TBR",70,91,"Tropicana Field",1274911,2004,161,0.435,31042,15837,0.51
"Texas Rangers","TEX",89,73,"Rangers Ballpark in Arlington",2513685,2004,162,0.549,48911,31033,0.634
"Toronto Blue Jays","TOR",67,94,"Skydome",1900041,2004,161,0.416,50516,23603,0.467
"Arizona Diamondbacks","ARI",77,85,"Chase Field",2059424,2005,162,0.475,48519,25425,0.524
"Atlanta Braves","ATL",90,72,"Turner Field",2521167,2005,162,0.556,50096,31126,0.621
"Baltimore Orioles","BAL",74,88,"Oriole Park at Camden Yards",2624740,2005,162,0.457,45971,32404,0.705
"Boston Red Sox","BOS",95,67,"Fenway Park",2847888,2005,162,0.586,37673,35159,0.933
"Chicago White Sox","CHW",99,63,"U.S. Cellular Field",2342833,2005,162,0.611,40615,28924,0.712
"Chicago Cubs","CHC",79,83,"Wrigley Field",3099992,2005,162,0.488,40929,38272,0.935
"Cincinnati Reds","CIN",73,89,"Great American Ball Park",1943067,2005,162,0.451,42271,23988,0.567
"Cleveland Indians","CLE",93,69,"Progressive Field",2013763,2005,162,0.574,37630,24861,0.661
"Colorado Rockies","COL",67,95,"Coors Field",1914389,2005,162,0.414,50398,23634,0.469
"Detroit Tigers","DET",71,91,"Comerica Park",2024431,2005,162,0.438,41574,24993,0.601
"Florida Marlins","MIA",83,79,"Pro Player Stadium",1852608,2005,162,0.512,47972,22872,0.477
"Houston Astros","HOU",89,73,"Minute Maid Park",2804760,2005,162,0.549,41574,34627,0.833
"Kansas City Royals","KCR",56,106,"Kauffman Stadium",1371181,2005,162,0.346,38177,16928,0.443
"Los Angeles Angels of Anaheim","LAA",95,67,"Angel Stadium",3404686,2005,162,0.586,45493,42033,0.924
"Los Angeles Dodgers","LAD",71,91,"Dodger Stadium",3603646,2005,162,0.438,56000,44489,0.794
"Milwaukee Brewers","MIL",81,81,"Miller Park",2211023,2005,162,0.5,41900,27297,0.651
"Minnesota Twins","MIN",83,79,"Hubert H Humphrey Metrodome",2034243,2005,162,0.512,56144,25114,0.447
"New York Yankees","NYY",95,67,"Yankee Stadium",4090696,2005,162,0.586,56937,50502,0.887
"New York Mets","NYM",83,79,"Shea Stadium",2829929,2005,162,0.512,57333,34937,0.609
"Oakland Athletics","OAK",88,74,"Oakland Coliseum",2109118,2005,162,0.543,35067,26038,0.743
"Philadelphia Phillies","PHI",88,74,"Citizens Bank Park",2665304,2005,162,0.543,43826,32905,0.751
"Pittsburgh Pirates","PIT",67,95,"PNC Park",1817245,2005,162,0.414,38496,22435,0.583
"San Diego Padres","SDP",82,80,"Petco Park",2869787,2005,162,0.506,41164,35429,0.861
"Seattle Mariners","SEA",69,93,"Safeco Field",2725459,2005,162,0.426,47116,33648,0.714
"San Francisco Giants","SFG",75,87,"AT&T Park",3181023,2005,162,0.463,41915,39272,0.937
"St. Louis Cardinals","STL",100,62,"Busch Stadium II",3538988,2005,162,0.617,49676,43691,0.88
"Tampa Bay Devil Rays","TBR",67,95,"Tropicana Field",1141669,2005,162,0.414,31042,14095,0.454
"Texas Rangers","TEX",79,83,"Rangers Ballpark in Arlington",2525221,2005,162,0.488,48911,31176,0.637
"Toronto Blue Jays","TOR",80,82,"Skydome",2014995,2005,162,0.494,50516,24876,0.492
"Washington Nationals","WSN",81,81,"R.F.K. Stadium",2731993,2005,162,0.5,46382,33728,0.727
"Arizona Diamondbacks","ARI",76,86,"Chase Field",2091685,2006,162,0.469,48519,25823,0.532
"Atlanta Braves","ATL",79,83,"Turner Field",2550524,2006,162,0.488,50096,31488,0.629
"Baltimore Orioles","BAL",70,92,"Oriole Park at Camden Yards",2153139,2006,162,0.432,45971,26582,0.578
"Boston Red Sox","BOS",86,76,"Fenway Park",2930588,2006,162,0.531,37673,36180,0.96
"Chicago White Sox","CHW",90,72,"U.S. Cellular Field",2957414,2006,162,0.556,40615,36511,0.899
"Chicago Cubs","CHC",66,96,"Wrigley Field",3123215,2006,162,0.407,40929,38558,0.942
"Cincinnati Reds","CIN",80,82,"Great American Ball Park",2134607,2006,162,0.494,42271,26353,0.623
"Cleveland Indians","CLE",78,84,"Progressive Field",1997995,2006,162,0.481,37630,24667,0.656
"Colorado Rockies","COL",76,86,"Coors Field",2104362,2006,162,0.469,50398,25980,0.515
"Detroit Tigers","DET",95,67,"Comerica Park",2595937,2006,162,0.586,41574,32049,0.771
"Florida Marlins","MIA",78,84,"Pro Player Stadium",1164134,2006,162,0.481,47972,14372,0.3
"Houston Astros","HOU",82,80,"Minute Maid Park",3022763,2006,162,0.506,41574,37318,0.898
"Kansas City Royals","KCR",62,100,"Kauffman Stadium",1372638,2006,162,0.383,38177,16946,0.444
"Los Angeles Angels of Anaheim","LAA",89,73,"Angel Stadium",3406790,2006,162,0.549,45493,42059,0.925
"Los Angeles Dodgers","LAD",88,74,"Dodger Stadium",3758545,2006,162,0.543,56000,46402,0.829
"Milwaukee Brewers","MIL",75,87,"Miller Park",2335643,2006,162,0.463,41900,28835,0.688
"Minnesota Twins","MIN",96,66,"Hubert H Humphrey Metrodome",2285018,2006,162,0.593,56144,28210,0.502
"New York Yankees","NYY",97,65,"Yankee Stadium",4248067,2006,162,0.599,56937,52445,0.921
"New York Mets","NYM",97,65,"Shea Stadium",3379535,2006,162,0.599,57333,41723,0.728
"Oakland Athletics","OAK",93,69,"Oakland Coliseum",1976625,2006,162,0.574,35067,24403,0.696
"Philadelphia Phillies","PHI",85,77,"Citizens Bank Park",2701815,2006,162,0.525,43826,33356,0.761
"Pittsburgh Pirates","PIT",67,95,"PNC Park",1861549,2006,162,0.414,38496,22982,0.597
"San Diego Padres","SDP",88,74,"Petco Park",2659757,2006,162,0.543,41164,32837,0.798
"Seattle Mariners","SEA",78,84,"Safeco Field",2481165,2006,162,0.481,47116,30632,0.65
"San Francisco Giants","SFG",76,85,"AT&T Park",3130313,2006,161,0.472,41915,38886,0.928
"St. Louis Cardinals","STL",83,78,"Busch Stadium III",3407104,2006,161,0.516,46200,42324,0.916
"Tampa Bay Devil Rays","TBR",61,101,"Tropicana Field",1368950,2006,162,0.377,31042,16901,0.544
"Texas Rangers","TEX",80,82,"Rangers Ballpark in Arlington",2388757,2006,162,0.494,48911,29491,0.603
"Toronto Blue Jays","TOR",87,75,"Skydome",2302212,2006,162,0.537,50516,28422,0.563
"Washington Nationals","WSN",71,91,"R.F.K. Stadium",2153056,2006,162,0.438,46382,26581,0.573
"Arizona Diamondbacks","ARI",90,72,"Chase Field",2325249,2007,162,0.556,48519,28707,0.592
"Atlanta Braves","ATL",84,78,"Turner Field",2745207,2007,162,0.519,50096,33891,0.677
"Baltimore Orioles","BAL",69,93,"Oriole Park at Camden Yards",2164822,2007,162,0.426,45971,26726,0.581
"Boston Red Sox","BOS",96,66,"Fenway Park",2970755,2007,162,0.593,37673,36676,0.974
"Chicago White Sox","CHW",72,90,"U.S. Cellular Field",2684395,2007,162,0.444,40615,33141,0.816
"Chicago Cubs","CHC",85,77,"Wrigley Field",3252462,2007,162,0.525,40929,40154,0.981
"Cincinnati Reds","CIN",72,90,"Great American Ball Park",2058593,2007,162,0.444,42271,25415,0.601
"Cleveland Indians","CLE",96,66,"Progressive Field",2275912,2007,162,0.593,37630,28098,0.747
"Colorado Rockies","COL",90,73,"Coors Field",2376250,2007,163,0.552,50398,29156,0.579
"Detroit Tigers","DET",88,74,"Comerica Park",3047133,2007,162,0.543,41574,37619,0.905
"Florida Marlins","MIA",71,91,"Pro Player Stadium",1370511,2007,162,0.438,47972,16920,0.353
"Houston Astros","HOU",73,89,"Minute Maid Park",3020405,2007,162,0.451,41574,37289,0.897
"Kansas City Royals","KCR",69,93,"Kauffman Stadium",1616867,2007,162,0.426,38177,19961,0.523
"Los Angeles Angels of Anaheim","LAA",94,68,"Angel Stadium",3365632,2007,162,0.58,45493,41551,0.913
"Los Angeles Dodgers","LAD",82,80,"Dodger Stadium",3857036,2007,162,0.506,56000,47618,0.85
"Milwaukee Brewers","MIL",83,79,"Miller Park",2869144,2007,162,0.512,41900,35422,0.845
"Minnesota Twins","MIN",79,83,"Hubert H Humphrey Metrodome",2296383,2007,162,0.488,56144,28350,0.505
"New York Yankees","NYY",94,68,"Yankee Stadium",4271083,2007,162,0.58,56937,52729,0.926
"New York Mets","NYM",88,74,"Shea Stadium",3853955,2007,162,0.543,57333,47580,0.83
"Oakland Athletics","OAK",76,86,"Oakland Coliseum",1921844,2007,162,0.469,35067,23726,0.677
"Philadelphia Phillies","PHI",89,73,"Citizens Bank Park",3108325,2007,162,0.549,43826,38374,0.876
"Pittsburgh Pirates","PIT",68,94,"PNC Park",1749142,2007,162,0.42,38496,21594,0.561
"San Diego Padres","SDP",89,74,"Petco Park",2790074,2007,163,0.546,41164,34234,0.832
"Seattle Mariners","SEA",88,74,"Safeco Field",2672223,2007,162,0.543,47116,32990,0.7
"San Francisco Giants","SFG",71,91,"AT&T Park",3223215,2007,162,0.438,41915,39793,0.949
"St. Louis Cardinals","STL",78,84,"Busch Stadium III",3552180,2007,162,0.481,46200,43854,0.949
"Tampa Bay Devil Rays","TBR",66,96,"Tropicana Field",1387603,2007,162,0.407,31042,17131,0.552
"Texas Rangers","TEX",75,87,"Rangers Ballpark in Arlington",2353862,2007,162,0.463,48911,29060,0.594
"Toronto Blue Jays","TOR",83,79,"Skydome",2360644,2007,162,0.512,50516,29144,0.577
"Washington Nationals","WSN",73,89,"R.F.K. Stadium",1943812,2007,162,0.451,46382,23998,0.517
"Arizona Diamondbacks","ARI",82,80,"Chase Field",2509924,2008,162,0.506,48519,30987,0.639
"Atlanta Braves","ATL",72,90,"Turner Field",2532834,2008,162,0.444,50096,31270,0.624
"Baltimore Orioles","BAL",68,93,"Oriole Park at Camden Yards",1950075,2008,161,0.422,45971,24225,0.527
"Boston Red Sox","BOS",95,67,"Fenway Park",3048250,2008,162,0.586,37673,37633,0.999
"Chicago White Sox","CHW",89,74,"U.S. Cellular Field",2500648,2008,163,0.546,40615,30683,0.755
"Chicago Cubs","CHC",97,64,"Wrigley Field",3300200,2008,161,0.602,40929,40996,1.002
"Cincinnati Reds","CIN",74,88,"Great American Ball Park",2058632,2008,162,0.457,42271,25415,0.601
"Cleveland Indians","CLE",81,81,"Progressive Field",2169760,2008,162,0.5,37630,26787,0.712
"Colorado Rockies","COL",74,88,"Coors Field",2650218,2008,162,0.457,50398,32719,0.649
"Detroit Tigers","DET",74,88,"Comerica Park",3202645,2008,162,0.457,41574,39539,0.951
"Florida Marlins","MIA",84,77,"Pro Player Stadium",1335076,2008,161,0.522,47972,16585,0.346
"Houston Astros","HOU",86,75,"Minute Maid Park",2779487,2008,161,0.534,41574,34528,0.831
"Kansas City Royals","KCR",75,87,"Kauffman Stadium",1578922,2008,162,0.463,38177,19493,0.511
"Los Angeles Angels of Anaheim","LAA",100,62,"Angel Stadium",3336747,2008,162,0.617,45493,41194,0.906
"Los Angeles Dodgers","LAD",84,78,"Dodger Stadium",3730553,2008,162,0.519,56000,46056,0.822
"Milwaukee Brewers","MIL",90,72,"Miller Park",3068458,2008,162,0.556,41900,37882,0.904
"Minnesota Twins","MIN",88,75,"Hubert H Humphrey Metrodome",2302431,2008,163,0.54,56144,28251,0.503
"New York Yankees","NYY",89,73,"Yankee Stadium",4298655,2008,162,0.549,56937,53070,0.932
"New York Mets","NYM",89,73,"Shea Stadium",4042045,2008,162,0.549,57333,49902,0.87
"Oakland Athletics","OAK",75,86,"Oakland Coliseum",1665256,2008,161,0.466,35067,20686,0.59
"Philadelphia Phillies","PHI",92,70,"Citizens Bank Park",3422583,2008,162,0.568,43826,42254,0.964
"Pittsburgh Pirates","PIT",67,95,"PNC Park",1609076,2008,162,0.414,38496,19865,0.516
"San Diego Padres","SDP",63,99,"Petco Park",2427535,2008,162,0.389,41164,29970,0.728
"Seattle Mariners","SEA",61,101,"Safeco Field",2329702,2008,162,0.377,47116,28762,0.61
"San Francisco Giants","SFG",72,90,"AT&T Park",2863837,2008,162,0.444,41915,35356,0.844
"St. Louis Cardinals","STL",86,76,"Busch Stadium III",3432917,2008,162,0.531,46200,42382,0.917
"Tampa Bay Rays","TBR",97,65,"Tropicana Field",1811986,2008,162,0.599,31042,22370,0.721
"Texas Rangers","TEX",79,83,"Rangers Ballpark in Arlington",1945677,2008,162,0.488,48911,24021,0.491
"Toronto Blue Jays","TOR",86,76,"Skydome",2399786,2008,162,0.531,50516,29627,0.586
"Washington Nationals","WSN",59,102,"Nationals Park",2320400,2008,161,0.366,43341,28825,0.665
"Arizona Diamondbacks","ARI",70,92,"Chase Field",2128765,2009,162,0.432,48519,26281,0.542
"Atlanta Braves","ATL",86,76,"Turner Field",2373631,2009,162,0.531,50096,29304,0.585
"Baltimore Orioles","BAL",64,98,"Oriole Park at Camden Yards",1907163,2009,162,0.395,45971,23545,0.512
"Boston Red Sox","BOS",95,67,"Fenway Park",3062699,2009,162,0.586,37673,37811,1.004
"Chicago White Sox","CHW",79,83,"U.S. Cellular Field",2284163,2009,162,0.488,40615,28200,0.694
"Chicago Cubs","CHC",83,78,"Wrigley Field",3168859,2009,161,0.516,40929,39365,0.962
"Cincinnati Reds","CIN",78,84,"Great American Ball Park",1747919,2009,162,0.481,42271,21579,0.51
"Cleveland Indians","CLE",65,97,"Progressive Field",1766242,2009,162,0.401,37630,21805,0.579
"Colorado Rockies","COL",92,70,"Coors Field",2665080,2009,162,0.568,50398,32902,0.653
"Detroit Tigers","DET",86,77,"Comerica Park",2567165,2009,163,0.528,41574,31499,0.758
"Florida Marlins","MIA",87,75,"Pro Player Stadium",1464109,2009,162,0.537,47972,18075,0.377
"Houston Astros","HOU",74,88,"Minute Maid Park",2521076,2009,162,0.457,41574,31124,0.749
"Kansas City Royals","KCR",65,97,"Kauffman Stadium",1797891,2009,162,0.401,38177,22196,0.581
"Los Angeles Angels of Anaheim","LAA",97,65,"Angel Stadium",3240386,2009,162,0.599,45493,40005,0.879
"Los Angeles Dodgers","LAD",95,67,"Dodger Stadium",3761655,2009,162,0.586,56000,46440,0.829
"Milwaukee Brewers","MIL",80,82,"Miller Park",3037451,2009,162,0.494,41900,37499,0.895
"Minnesota Twins","MIN",87,76,"Hubert H Humphrey Metrodome",2416237,2009,163,0.534,56144,29647,0.528
"New York Yankees","NYY",103,59,"Yankee Stadium New",3719358,2009,162,0.636,52355,45918,0.877
"New York Mets","NYM",70,92,"Citi Field",3168571,2009,162,0.432,45000,39118,0.869
"Oakland Athletics","OAK",75,87,"Oakland Coliseum",1408783,2009,162,0.463,35067,17392,0.496
"Philadelphia Phillies","PHI",93,69,"Citizens Bank Park",3600693,2009,162,0.574,43826,44453,1.014
"Pittsburgh Pirates","PIT",62,99,"PNC Park",1577853,2009,161,0.385,38496,19601,0.509
"San Diego Padres","SDP",75,87,"Petco Park",1919603,2009,162,0.463,41164,23699,0.576
"Seattle Mariners","SEA",85,77,"Safeco Field",2195533,2009,162,0.525,47116,27105,0.575
"San Francisco Giants","SFG",88,74,"AT&T Park",2862110,2009,162,0.543,41915,35335,0.843
"St. Louis Cardinals","STL",91,71,"Busch Stadium III",3343252,2009,162,0.562,46200,41275,0.893
"Tampa Bay Rays","TBR",84,78,"Tropicana Field",1874962,2009,162,0.519,31042,23148,0.746
"Texas Rangers","TEX",87,75,"Rangers Ballpark in Arlington",2156016,2009,162,0.537,48911,26617,0.544
"Toronto Blue Jays","TOR",75,87,"Skydome",1876129,2009,162,0.463,50516,23162,0.459
"Washington Nationals","WSN",59,103,"Nationals Park",1817226,2009,162,0.364,43341,22435,0.518
"Arizona Diamondbacks","ARI",65,97,"Chase Field",2056941,2010,162,0.401,48519,25394,0.523
"Atlanta Braves","ATL",91,71,"Turner Field",2510119,2010,162,0.562,50096,30989,0.619
"Baltimore Orioles","BAL",66,96,"Oriole Park at Camden Yards",1733018,2010,162,0.407,45971,21395,0.465
"Boston Red Sox","BOS",89,73,"Fenway Park",3046443,2010,162,0.549,37673,37610,0.998
"Chicago White Sox","CHW",88,74,"U.S. Cellular Field",2194378,2010,162,0.543,40615,27091,0.667
"Chicago Cubs","CHC",75,87,"Wrigley Field",3062973,2010,162,0.463,40929,37814,0.924
"Cincinnati Reds","CIN",91,71,"Great American Ball Park",2060550,2010,162,0.562,42271,25439,0.602
"Cleveland Indians","CLE",69,93,"Progressive Field",1394812,2010,162,0.426,37630,17220,0.458
"Colorado Rockies","COL",83,79,"Coors Field",2875245,2010,162,0.512,50398,35497,0.704
"Detroit Tigers","DET",81,81,"Comerica Park",2461237,2010,162,0.5,41574,30386,0.731
"Florida Marlins","MIA",80,82,"Pro Player Stadium",1535226,2010,162,0.494,47972,18953,0.395
"Houston Astros","HOU",76,86,"Minute Maid Park",2331490,2010,162,0.469,41574,28784,0.692
"Kansas City Royals","KCR",67,95,"Kauffman Stadium",1615324,2010,162,0.414,38177,19942,0.522
"Los Angeles Angels of Anaheim","LAA",80,82,"Angel Stadium",3250816,2010,162,0.494,45493,40134,0.882
"Los Angeles Dodgers","LAD",80,82,"Dodger Stadium",3562320,2010,162,0.494,56000,43979,0.785
"Milwaukee Brewers","MIL",77,85,"Miller Park",2776531,2010,162,0.475,41900,34278,0.818
"Minnesota Twins","MIN",94,68,"Target Field",3223640,2010,162,0.58,42000,39798,0.948
"New York Yankees","NYY",95,67,"Yankee Stadium New",3765807,2010,162,0.586,52355,46491,0.888
"New York Mets","NYM",79,83,"Citi Field",2559738,2010,162,0.488,45000,31602,0.702
"Oakland Athletics","OAK",81,81,"Oakland Coliseum",1418391,2010,162,0.5,35067,17511,0.499
"Philadelphia Phillies","PHI",97,65,"Citizens Bank Park",3647249,2010,162,0.599,43826,45028,1.027
"Pittsburgh Pirates","PIT",57,105,"PNC Park",1613399,2010,162,0.352,38496,19919,0.517
"San Diego Padres","SDP",90,72,"Petco Park",2131774,2010,162,0.556,41164,26318,0.639
"Seattle Mariners","SEA",61,101,"Safeco Field",2085488,2010,162,0.377,47116,25747,0.546
"San Francisco Giants","SFG",92,70,"AT&T Park",3037443,2010,162,0.568,41915,37499,0.895
"St. Louis Cardinals","STL",86,76,"Busch Stadium III",3301218,2010,162,0.531,46200,40756,0.882
"Tampa Bay Rays","TBR",96,66,"Tropicana Field",1843445,2010,162,0.593,31042,22759,0.733
"Texas Rangers","TEX",90,72,"Rangers Ballpark in Arlington",2505171,2010,162,0.556,48911,30928,0.632
"Toronto Blue Jays","TOR",85,77,"Skydome",1625555,2010,162,0.525,50516,20069,0.397
"Washington Nationals","WSN",69,93,"Nationals Park",1828066,2010,162,0.426,43341,22569,0.521
"Arizona Diamondbacks","ARI",94,68,"Chase Field",2105432,2011,162,0.58,48519,25993,0.536
"Atlanta Braves","ATL",89,73,"Turner Field",2372940,2011,162,0.549,50096,29296,0.585
"Baltimore Orioles","BAL",69,93,"Oriole Park at Camden Yards",1755461,2011,162,0.426,45971,21672,0.471
"Boston Red Sox","BOS",90,72,"Fenway Park",3054001,2011,162,0.556,37673,37704,1.001
"Chicago White Sox","CHW",79,83,"U.S. Cellular Field",2001117,2011,162,0.488,40615,24705,0.608
"Chicago Cubs","CHC",71,91,"Wrigley Field",3017966,2011,162,0.438,40929,37259,0.91
"Cincinnati Reds","CIN",79,83,"Great American Ball Park",2213588,2011,162,0.488,42271,27328,0.646
"Cleveland Indians","CLE",80,82,"Progressive Field",1840835,2011,162,0.494,37630,22726,0.604
"Colorado Rockies","COL",73,89,"Coors Field",2909777,2011,162,0.451,50398,35923,0.713
"Detroit Tigers","DET",95,67,"Comerica Park",2642045,2011,162,0.586,41574,32618,0.785
"Florida Marlins","MIA",72,90,"Pro Player Stadium",1477462,2011,162,0.444,47972,18240,0.38
"Houston Astros","HOU",56,106,"Minute Maid Park",2067016,2011,162,0.346,41574,25519,0.614
"Kansas City Royals","KCR",71,91,"Kauffman Stadium",1724450,2011,162,0.438,38177,21290,0.558
"Los Angeles Angels of Anaheim","LAA",86,76,"Angel Stadium",3166321,2011,162,0.531,45493,39090,0.859
"Los Angeles Dodgers","LAD",82,79,"Dodger Stadium",2935139,2011,161,0.509,56000,36461,0.651
"Milwaukee Brewers","MIL",96,66,"Miller Park",3071373,2011,162,0.593,41900,37918,0.905
"Minnesota Twins","MIN",63,99,"Target Field",3168116,2011,162,0.389,42000,39113,0.931
"New York Yankees","NYY",97,65,"Yankee Stadium New",3653680,2011,162,0.599,52355,45107,0.862
"New York Mets","NYM",77,85,"Citi Field",2352596,2011,162,0.475,45000,29044,0.645
"Oakland Athletics","OAK",74,88,"Oakland Coliseum",1476791,2011,162,0.457,35067,18232,0.52
"Philadelphia Phillies","PHI",102,60,"Citizens Bank Park",3680718,2011,162,0.63,43826,45441,1.037
"Pittsburgh Pirates","PIT",72,90,"PNC Park",1940429,2011,162,0.444,38496,23956,0.622
"San Diego Padres","SDP",71,91,"Petco Park",2143018,2011,162,0.438,41164,26457,0.643
"Seattle Mariners","SEA",67,95,"Safeco Field",1939421,2011,162,0.414,47116,23943,0.508
"San Francisco Giants","SFG",86,76,"AT&T Park",3387303,2011,162,0.531,41915,41819,0.998
"St. Louis Cardinals","STL",90,72,"Busch Stadium III",3093954,2011,162,0.556,46200,38197,0.827
"Tampa Bay Rays","TBR",91,71,"Tropicana Field",1529188,2011,162,0.562,31042,18879,0.608
"Texas Rangers","TEX",96,66,"Rangers Ballpark in Arlington",2946949,2011,162,0.593,48911,36382,0.744
"Toronto Blue Jays","TOR",81,81,"Skydome",1818103,2011,162,0.5,50516,22446,0.444
"Washington Nationals","WSN",80,81,"Nationals Park",1940478,2011,161,0.497,43341,24105,0.556
"Arizona Diamondbacks","ARI",81,81,"Chase Field",2177617,2012,162,0.5,48519,26884,0.554
"Atlanta Braves","ATL",94,68,"Turner Field",2420171,2012,162,0.58,50096,29879,0.596
"Baltimore Orioles","BAL",93,69,"Oriole Park at Camden Yards",2102240,2012,162,0.574,45971,25954,0.565
"Boston Red Sox","BOS",69,93,"Fenway Park",3043003,2012,162,0.426,37673,37568,0.997
"Chicago White Sox","CHW",85,77,"U.S. Cellular Field",1965955,2012,162,0.525,40615,24271,0.598
"Chicago Cubs","CHC",61,101,"Wrigley Field",2882756,2012,162,0.377,40929,35590,0.87
"Cincinnati Reds","CIN",97,65,"Great American Ball Park",2347251,2012,162,0.599,42271,28978,0.686
"Cleveland Indians","CLE",68,94,"Progressive Field",1603596,2012,162,0.42,37630,19797,0.526
"Colorado Rockies","COL",64,98,"Coors Field",2630458,2012,162,0.395,50398,32475,0.644
"Detroit Tigers","DET",88,74,"Comerica Park",3028033,2012,162,0.543,41574,37383,0.899
"Houston Astros","HOU",55,107,"Minute Maid Park",1607733,2012,162,0.34,41574,19849,0.477
"Kansas City Royals","KCR",72,90,"Kauffman Stadium",1739859,2012,162,0.444,38177,21480,0.563
"Los Angeles Angels of Anaheim","LAA",89,73,"Angel Stadium",3061770,2012,162,0.549,45493,37800,0.831
"Los Angeles Dodgers","LAD",86,76,"Dodger Stadium",3324246,2012,162,0.531,56000,41040,0.733
"Miami Marlins","MIA",69,93,"Marlins Park",2219444,2012,162,0.426,37442,27401,0.732
"Milwaukee Brewers","MIL",83,79,"Miller Park",2831385,2012,162,0.512,41900,34955,0.834
"Minnesota Twins","MIN",66,96,"Target Field",2776354,2012,162,0.407,42000,34276,0.816
"New York Yankees","NYY",95,67,"Yankee Stadium New",3542406,2012,162,0.586,52355,43733,0.835
"New York Mets","NYM",74,88,"Citi Field",2242803,2012,162,0.457,45000,27689,0.615
"Oakland Athletics","OAK",94,68,"Oakland Coliseum",1679013,2012,162,0.58,35067,20729,0.591
"Philadelphia Phillies","PHI",81,81,"Citizens Bank Park",3565718,2012,162,0.5,43826,44021,1.004
"Pittsburgh Pirates","PIT",79,83,"PNC Park",2091918,2012,162,0.488,38496,25826,0.671
"San Diego Padres","SDP",76,86,"Petco Park",2123721,2012,162,0.469,41164,26219,0.637
"Seattle Mariners","SEA",75,87,"Safeco Field",1721920,2012,162,0.463,47116,21258,0.451
"San Francisco Giants","SFG",94,68,"AT&T Park",3377371,2012,162,0.58,41915,41696,0.995
"St. Louis Cardinals","STL",88,74,"Busch Stadium III",3262109,2012,162,0.543,46200,40273,0.872
"Tampa Bay Rays","TBR",90,72,"Tropicana Field",1559681,2012,162,0.556,31042,19255,0.62
"Texas Rangers","TEX",93,69,"Rangers Ballpark in Arlington",3460280,2012,162,0.574,48911,42720,0.873
"Toronto Blue Jays","TOR",73,89,"Skydome",2099663,2012,162,0.451,50516,25922,0.513
"Washington Nationals","WSN",98,64,"Nationals Park",2370794,2012,162,0.605,43341,29269,0.675
"Arizona Diamondbacks","ARI",81,81,"Chase Field",2134795,2013,162,0.5,48519,26355,0.543
"Atlanta Braves","ATL",96,66,"Turner Field",2548679,2013,162,0.593,50096,31465,0.628
"Baltimore Orioles","BAL",85,77,"Oriole Park at Camden Yards",2357561,2013,162,0.525,45971,29106,0.633
"Boston Red Sox","BOS",97,65,"Fenway Park",2833333,2013,162,0.599,37673,34979,0.928
"Chicago White Sox","CHW",63,99,"U.S. Cellular Field",1768413,2013,162,0.389,40615,21832,0.538
"Chicago Cubs","CHC",66,96,"Wrigley Field",2642682,2013,162,0.407,40929,32626,0.797
"Cincinnati Reds","CIN",90,72,"Great American Ball Park",2534369,2013,162,0.556,42271,31289,0.74
"Cleveland Indians","CLE",92,70,"Progressive Field",1572926,2013,162,0.568,37630,19419,0.516
"Colorado Rockies","COL",74,88,"Coors Field",2793828,2013,162,0.457,50398,34492,0.684
"Detroit Tigers","DET",93,69,"Comerica Park",3083397,2013,162,0.574,41574,38067,0.916
"Houston Astros","HOU",51,111,"Minute Maid Park",1651883,2013,162,0.315,41574,20394,0.491
"Kansas City Royals","KCR",86,76,"Kauffman Stadium",1750754,2013,162,0.531,38177,21614,0.566
"Los Angeles Angels of Anaheim","LAA",78,84,"Angel Stadium",3019505,2013,162,0.481,45493,37278,0.819
"Los Angeles Dodgers","LAD",92,70,"Dodger Stadium",3743527,2013,162,0.568,56000,46216,0.825
"Miami Marlins","MIA",62,100,"Marlins Park",1586322,2013,162,0.383,37442,19584,0.523
"Milwaukee Brewers","MIL",74,88,"Miller Park",2531105,2013,162,0.457,41900,31248,0.746
"Minnesota Twins","MIN",66,96,"Target Field",2477644,2013,162,0.407,42000,30588,0.728
"New York Yankees","NYY",85,77,"Yankee Stadium New",3279589,2013,162,0.525,52355,40489,0.773
"New York Mets","NYM",74,88,"Citi Field",2135657,2013,162,0.457,45000,26366,0.586
"Oakland Athletics","OAK",96,66,"Oakland Coliseum",1809302,2013,162,0.593,35067,22337,0.637
"Philadelphia Phillies","PHI",73,89,"Citizens Bank Park",3012403,2013,162,0.451,43826,37190,0.849
"Pittsburgh Pirates","PIT",94,68,"PNC Park",2256862,2013,162,0.58,38496,27862,0.724
"San Diego Padres","SDP",76,86,"Petco Park",2166691,2013,162,0.469,41164,26749,0.65
"Seattle Mariners","SEA",71,91,"Safeco Field",1761546,2013,162,0.438,47116,21747,0.462
"San Francisco Giants","SFG",76,86,"AT&T Park",3326796,2013,162,0.469,41915,41072,0.98
"St. Louis Cardinals","STL",97,65,"Busch Stadium III",3369769,2013,162,0.599,46200,41602,0.9
"Tampa Bay Rays","TBR",92,71,"Tropicana Field",1510300,2013,163,0.564,31042,18531,0.597
"Texas Rangers","TEX",91,72,"Rangers Ballpark in Arlington",3178273,2013,163,0.558,48911,38997,0.797
"Toronto Blue Jays","TOR",74,88,"Skydome",2536562,2013,162,0.457,50516,31316,0.62
"Washington Nationals","WSN",86,76,"Nationals Park",2652422,2013,162,0.531,43341,32746,0.756
"Arizona Diamondbacks","ARI",64,98,"Chase Field",2073730,2014,162,0.395,48519,25602,0.528
"Atlanta Braves","ATL",79,83,"Turner Field",2354305,2014,162,0.488,50096,29065,0.58
"Baltimore Orioles","BAL",96,66,"Oriole Park at Camden Yards",2464473,2014,162,0.593,45971,30426,0.662
"Boston Red Sox","BOS",71,91,"Fenway Park",2956089,2014,162,0.438,37673,36495,0.969
"Chicago White Sox","CHW",73,89,"U.S. Cellular Field",1650821,2014,162,0.451,40615,20381,0.502
"Chicago Cubs","CHC",73,89,"Wrigley Field",2652113,2014,162,0.451,40929,32742,0.8
"Cincinnati Reds","CIN",76,86,"Great American Ball Park",2476664,2014,162,0.469,42271,30576,0.723
"Cleveland Indians","CLE",85,77,"Progressive Field",1437393,2014,162,0.525,37630,17746,0.472
"Colorado Rockies","COL",66,96,"Coors Field",2680329,2014,162,0.407,50398,33090,0.657
"Detroit Tigers","DET",90,72,"Comerica Park",2917209,2014,162,0.556,41574,36015,0.866
"Houston Astros","HOU",70,92,"Minute Maid Park",1751829,2014,162,0.432,41574,21628,0.52
"Kansas City Royals","KCR",89,73,"Kauffman Stadium",1956482,2014,162,0.549,38177,24154,0.633
"Los Angeles Angels of Anaheim","LAA",98,64,"Angel Stadium",3095935,2014,162,0.605,45493,38221,0.84
"Los Angeles Dodgers","LAD",94,68,"Dodger Stadium",3782337,2014,162,0.58,56000,46696,0.834
"Miami Marlins","MIA",77,85,"Marlins Park",1732283,2014,162,0.475,37442,21386,0.571
"Milwaukee Brewers","MIL",82,80,"Miller Park",2797384,2014,162,0.506,41900,34536,0.824
"Minnesota Twins","MIN",70,92,"Target Field",2250606,2014,162,0.432,42000,27785,0.662
"New York Yankees","NYY",84,78,"Yankee Stadium New",3401624,2014,162,0.519,52355,41995,0.802
"New York Mets","NYM",79,83,"Citi Field",2148808,2014,162,0.488,45000,26528,0.59
"Oakland Athletics","OAK",88,74,"Oakland Coliseum",2003628,2014,162,0.543,35067,24736,0.705
"Philadelphia Phillies","PHI",73,89,"Citizens Bank Park",2423852,2014,162,0.451,43826,29924,0.683
"Pittsburgh Pirates","PIT",88,74,"PNC Park",2442564,2014,162,0.543,38496,30155,0.783
"San Diego Padres","SDP",77,85,"Petco Park",2195373,2014,162,0.475,41164,27103,0.658
"Seattle Mariners","SEA",87,75,"Safeco Field",2064334,2014,162,0.537,47116,25486,0.541
"San Francisco Giants","SFG",88,74,"AT&T Park",3368697,2014,162,0.543,41915,41589,0.992
"St. Louis Cardinals","STL",90,72,"Busch Stadium III",3540649,2014,162,0.556,46200,43712,0.946
"Tampa Bay Rays","TBR",77,85,"Tropicana Field",1446464,2014,162,0.475,31042,17858,0.575
"Texas Rangers","TEX",67,95,"Rangers Ballpark in Arlington",2718733,2014,162,0.414,48911,33565,0.686
"Toronto Blue Jays","TOR",83,79,"Skydome",2375525,2014,162,0.512,50516,29327,0.581
"Washington Nationals","WSN",96,66,"Nationals Park",2579389,2014,162,0.593,43341,31844,0.735
"Arizona Diamondbacks","ARI",79,83,"Chase Field",2080145,2015,162,0.488,48519,25681,0.529
"Atlanta Braves","ATL",67,95,"Turner Field",2001392,2015,162,0.414,50096,24709,0.493
"Baltimore Orioles","BAL",81,81,"Oriole Park at Camden Yards",2281202,2015,162,0.5,45971,28163,0.613
"Boston Red Sox","BOS",78,84,"Fenway Park",2880694,2015,162,0.481,37673,35564,0.944
"Chicago White Sox","CHW",76,86,"U.S. Cellular Field",1755810,2015,162,0.469,40615,21677,0.534
"Chicago Cubs","CHC",97,65,"Wrigley Field",2919122,2015,162,0.599,40929,36039,0.881
"Cincinnati Reds","CIN",64,98,"Great American Ball Park",2419506,2015,162,0.395,42271,29870,0.707
"Cleveland Indians","CLE",81,80,"Progressive Field",1388905,2015,161,0.503,37630,17253,0.458
"Colorado Rockies","COL",68,94,"Coors Field",2506789,2015,162,0.42,50398,30948,0.614
"Detroit Tigers","DET",74,87,"Comerica Park",2726048,2015,161,0.46,41574,33864,0.815
"Houston Astros","HOU",86,76,"Minute Maid Park",2153585,2015,162,0.531,41574,26587,0.64
"Kansas City Royals","KCR",95,67,"Kauffman Stadium",2708549,2015,162,0.586,38177,33439,0.876
"Los Angeles Angels of Anaheim","LAA",85,77,"Angel Stadium",3012765,2015,162,0.525,45493,37195,0.818
"Los Angeles Dodgers","LAD",92,70,"Dodger Stadium",3764815,2015,162,0.568,56000,46479,0.83
"Miami Marlins","MIA",71,91,"Marlins Park",1752235,2015,162,0.438,37442,21633,0.578
"Milwaukee Brewers","MIL",68,94,"Miller Park",2542558,2015,162,0.42,41900,31390,0.749
"Minnesota Twins","MIN",83,79,"Target Field",2220054,2015,162,0.512,42000,27408,0.653
"New York Yankees","NYY",87,75,"Yankee Stadium New",3193795,2015,162,0.537,52355,39430,0.753
"New York Mets","NYM",90,72,"Citi Field",2569753,2015,162,0.556,45000,31725,0.705
"Oakland Athletics","OAK",68,94,"Oakland Coliseum",1768175,2015,162,0.42,35067,21829,0.622
"Philadelphia Phillies","PHI",63,99,"Citizens Bank Park",1831080,2015,162,0.389,43826,22606,0.516
"Pittsburgh Pirates","PIT",98,64,"PNC Park",2498596,2015,162,0.605,38496,30847,0.801
"San Diego Padres","SDP",74,88,"Petco Park",2459742,2015,162,0.457,41164,30367,0.738
"Seattle Mariners","SEA",76,86,"Safeco Field",2193581,2015,162,0.469,47116,27081,0.575
"San Francisco Giants","SFG",84,78,"AT&T Park",3375882,2015,162,0.519,41915,41678,0.994
"St. Louis Cardinals","STL",100,62,"Busch Stadium III",3520889,2015,162,0.617,46200,43468,0.941
"Tampa Bay Rays","TBR",80,82,"Tropicana Field",1287054,2015,162,0.494,31042,15890,0.512
"Texas Rangers","TEX",88,74,"Rangers Ballpark in Arlington",2491875,2015,162,0.543,48911,30764,0.629
"Toronto Blue Jays","TOR",93,69,"Skydome",2794891,2015,162,0.574,50516,34505,0.683
"Washington Nationals","WSN",83,79,"Nationals Park",2619843,2015,162,0.512,43341,32344,0.746
"Arizona Diamondbacks","ARI",69,93,"Chase Field",2036216,2016,162,0.426,48519,25138,0.518
"Atlanta Braves","ATL",68,93,"Turner Field",2020914,2016,161,0.422,50096,25105,0.501
"Baltimore Orioles","BAL",89,73,"Oriole Park at Camden Yards",2172344,2016,162,0.549,45971,26819,0.583
"Boston Red Sox","BOS",93,69,"Fenway Park",2955434,2016,162,0.574,37673,36487,0.969
"Chicago White Sox","CHW",78,84,"U.S. Cellular Field",1746293,2016,162,0.481,40615,21559,0.531
"Chicago Cubs","CHC",103,58,"Wrigley Field",3232420,2016,161,0.64,40929,40154,0.981
"Cincinnati Reds","CIN",68,94,"Great American Ball Park",1894085,2016,162,0.42,42271,23384,0.553
"Cleveland Indians","CLE",94,67,"Progressive Field",1591667,2016,161,0.584,37630,19772,0.525
"Colorado Rockies","COL",75,87,"Coors Field",2602524,2016,162,0.463,50398,32130,0.638
"Detroit Tigers","DET",86,75,"Comerica Park",2493859,2016,161,0.534,41574,30980,0.745
"Houston Astros","HOU",84,78,"Minute Maid Park",2306623,2016,162,0.519,41574,28477,0.685
"Kansas City Royals","KCR",81,81,"Kauffman Stadium",2557712,2016,162,0.5,38177,31577,0.827
"Los Angeles Angels of Anaheim","LAA",74,88,"Angel Stadium",3016142,2016,162,0.457,45493,37236,0.818
"Los Angeles Dodgers","LAD",91,71,"Dodger Stadium",3703312,2016,162,0.562,56000,45720,0.816
"Miami Marlins","MIA",79,82,"Marlins Park",1712417,2016,161,0.491,37442,21272,0.568
"Milwaukee Brewers","MIL",73,89,"Miller Park",2314614,2016,162,0.451,41900,28575,0.682
"Minnesota Twins","MIN",59,103,"Target Field",1963912,2016,162,0.364,42000,24246,0.577
"New York Yankees","NYY",84,78,"Yankee Stadium New",3063405,2016,162,0.519,52355,37820,0.722
"New York Mets","NYM",87,75,"Citi Field",2789602,2016,162,0.537,45000,34440,0.765
"Oakland Athletics","OAK",69,93,"Oakland Coliseum",1521506,2016,162,0.426,35067,18784,0.536
"Philadelphia Phillies","PHI",71,91,"Citizens Bank Park",1915144,2016,162,0.438,43826,23644,0.539
"Pittsburgh Pirates","PIT",78,83,"PNC Park",2249201,2016,161,0.484,38496,27940,0.726
"San Diego Padres","SDP",68,94,"Petco Park",2351422,2016,162,0.42,41164,29030,0.705
"Seattle Mariners","SEA",86,76,"Safeco Field",2267928,2016,162,0.531,47116,27999,0.594
"San Francisco Giants","SFG",87,75,"AT&T Park",3365256,2016,162,0.537,41915,41546,0.991
"St. Louis Cardinals","STL",86,76,"Busch Stadium III",3444490,2016,162,0.531,46200,42525,0.92
"Tampa Bay Rays","TBR",68,94,"Tropicana Field",1286163,2016,162,0.42,31042,15879,0.512
"Texas Rangers","TEX",95,67,"Rangers Ballpark in Arlington",2710402,2016,162,0.586,48911,33462,0.684
"Toronto Blue Jays","TOR",89,73,"Skydome",3392099,2016,162,0.549,50516,41878,0.829
"Washington Nationals","WSN",95,67,"Nationals Park",2481938,2016,162,0.586,43341,30641,0.707
"Arizona Diamondbacks","ARI",93,69,"Chase Field",2134375,2017,162,0.574,48519,26350,0.543
"Atlanta Braves","ATL",72,90,"SunTrust Park",2505252,2017,162,0.444,50096,30929,0.617
"Baltimore Orioles","BAL",75,87,"Oriole Park at Camden Yards",2028424,2017,162,0.463,45971,25042,0.545
"Boston Red Sox","BOS",93,69,"Fenway Park",2917678,2017,162,0.574,37673,36021,0.956
"Chicago White Sox","CHW",67,95,"U.S. Cellular Field",1629470,2017,162,0.414,40615,20117,0.495
"Chicago Cubs","CHC",92,70,"Wrigley Field",3199562,2017,162,0.568,40929,39501,0.965
"Cincinnati Reds","CIN",68,94,"Great American Ball Park",1836917,2017,162,0.42,42271,22678,0.536
"Cleveland Indians","CLE",102,60,"Progressive Field",2048138,2017,162,0.63,37630,25286,0.672
"Colorado Rockies","COL",87,75,"Coors Field",2953650,2017,162,0.537,50398,36465,0.724
"Detroit Tigers","DET",64,98,"Comerica Park",2321599,2017,162,0.395,41574,28662,0.689
"Houston Astros","HOU",101,61,"Minute Maid Park",2403671,2017,162,0.623,41574,29675,0.714
"Kansas City Royals","KCR",80,82,"Kauffman Stadium",2220370,2017,162,0.494,38177,27412,0.718
"Los Angeles Angels of Anaheim","LAA",80,82,"Angel Stadium",3019585,2017,162,0.494,45493,37279,0.819
"Los Angeles Dodgers","LAD",104,58,"Dodger Stadium",3765856,2017,162,0.642,56000,46492,0.83
"Miami Marlins","MIA",77,85,"Marlins Park",1583014,2017,162,0.475,37442,19543,0.522
"Milwaukee Brewers","MIL",86,76,"Miller Park",2627705,2017,162,0.531,41900,32441,0.774
"Minnesota Twins","MIN",85,77,"Target Field",2051279,2017,162,0.525,42000,25324,0.603
"New York Yankees","NYY",91,71,"Yankee Stadium New",3146966,2017,162,0.562,52355,38851,0.742
"New York Mets","NYM",70,92,"Citi Field",2460622,2017,162,0.432,45000,30378,0.675
"Oakland Athletics","OAK",75,87,"Oakland Coliseum",1475721,2017,162,0.463,35067,18219,0.52
"Philadelphia Phillies","PHI",66,96,"Citizens Bank Park",1905354,2017,162,0.407,43826,23523,0.537
"Pittsburgh Pirates","PIT",75,87,"PNC Park",1919447,2017,162,0.463,38496,23697,0.616
"San Diego Padres","SDP",71,91,"Petco Park",2138491,2017,162,0.438,41164,26401,0.641
"Seattle Mariners","SEA",78,84,"Safeco Field",2135445,2017,162,0.481,47116,26364,0.56
"San Francisco Giants","SFG",64,98,"AT&T Park",3303652,2017,162,0.395,41915,40786,0.973
"St. Louis Cardinals","STL",83,79,"Busch Stadium III",3447937,2017,162,0.512,46200,42567,0.921
"Tampa Bay Rays","TBR",80,82,"Tropicana Field",1253619,2017,162,0.494,31042,15477,0.499
"Texas Rangers","TEX",78,84,"Rangers Ballpark in Arlington",2507760,2017,162,0.481,48911,30960,0.633
"Toronto Blue Jays","TOR",76,86,"Skydome",3203886,2017,162,0.469,50516,39554,0.783
"Washington Nationals","WSN",97,65,"Nationals Park",2524980,2017,162,0.599,43341,31173,0.719
"Arizona Diamondbacks","ARI",82,80,"Chase Field",2242695,2018,162,0.506,48519,27688,0.571
"Atlanta Braves","ATL",90,72,"SunTrust Park",2555781,2018,162,0.556,50096,31553,0.63
"Baltimore Orioles","BAL",47,115,"Oriole Park at Camden Yards",1564192,2018,162,0.29,45971,19311,0.42
"Boston Red Sox","BOS",108,54,"Fenway Park",2895575,2018,162,0.667,37673,35748,0.949
"Chicago Cubs","CHC",95,68,"Wrigley Field",3181089,2018,163,0.583,40929,39032,0.954
"Chicago White Sox","CHW",62,100,"U.S. Cellular Field",1608817,2018,162,0.383,40615,19862,0.489
"Cincinnati Reds","CIN",67,95,"Great American Ball Park",1629356,2018,162,0.414,42271,20116,0.476
"Cleveland Indians","CLE",91,71,"Progressive Field",1926701,2018,162,0.562,37630,23786,0.632
"Colorado Rockies","COL",91,72,"Coors Field",3015880,2018,163,0.558,50398,37005,0.734
"Detroit Tigers","DET",64,98,"Comerica Park",1856970,2018,162,0.395,41574,22926,0.551
"Houston Astros","HOU",103,59,"Minute Maid Park",2980549,2018,162,0.636,41574,36797,0.885
"Kansas City Royals","KCR",58,104,"Kauffman Stadium",1665107,2018,162,0.358,38177,20557,0.538
"Los Angeles Angels","LAA",80,82,"Angel Stadium",3020216,2018,162,0.494,45493,37287,0.82
"Los Angeles Dodgers","LAD",92,71,"Dodger Stadium",3857500,2018,163,0.564,56000,47331,0.845
"Miami Marlins","MIA",63,98,"Marlins Park",811104,2018,161,0.391,37442,10076,0.269
"Milwaukee Brewers","MIL",96,67,"Miller Park",2850875,2018,163,0.589,41900,34980,0.835
"Minnesota Twins","MIN",78,84,"Target Field",1959197,2018,162,0.481,42000,24188,0.576
"New York Mets","NYM",77,85,"Citi Field",2224995,2018,162,0.475,45000,27469,0.61
"New York Yankees","NYY",100,62,"Yankee Stadium New",3482855,2018,162,0.617,52355,42998,0.821
"Oakland A's","OAK",97,65,"Oakland Coliseum",1573616,2018,162,0.599,35067,19427,0.554
"Philadelphia Phillies","PHI",80,82,"Citizens Bank Park",2158124,2018,162,0.494,43826,26644,0.608
"Pittsburgh Pirates","PIT",82,79,"PNC Park",1465316,2018,161,0.509,38496,18203,0.473
"San Diego Padres","SDP",66,96,"Petco Park",2168536,2018,162,0.407,41164,26772,0.65
"Seattle Mariners","SEA",89,73,"Safeco Field",2299489,2018,162,0.549,47116,28389,0.603
"San Francisco Giants","SFG",73,89,"AT&T Park",3156185,2018,162,0.451,41915,38965,0.93
"St. Louis Cardinals","STL",88,74,"Busch Stadium III",3403587,2018,162,0.543,46200,42020,0.91
"Tampa Bay Rays","TBR",90,72,"Tropicana Field",1154973,2018,162,0.556,31042,14259,0.459
"Texas Rangers","TEX",67,95,"Rangers Ballpark in Arlington",2107107,2018,162,0.414,48911,26014,0.532
"Toronto Blue Jays","TOR",73,89,"Skydome",2325281,2018,162,0.451,50516,28707,0.568
"Washington Nationals","WSN",82,80,"Nationals Park",2529604,2018,162,0.506,43341,31230,0.721
